Larve_ratio,Pupe_ratio,Male_ratio,Female_ratio
1,0.300448,1.00448,0.439462
1,0.234043,0.87234,0.417021
1,0.209302,0.728682,0.356589
1,0.187266,0.662921,0.355805
1,0.211111,0.622222,0.318519
1,0.222222,0.52862,0.272727
1,0.242138,0.45283,0.242138
1,0.250755,0.398792,0.238671
1,0.238764,0.337079,0.202247
1,0.24581,0.324022,0.198324
1,0.210106,0.308511,0.18883
1,0.265753,0.309589,0.186301
1,0.280899,0.323034,0.210674
1,0.280992,0.286501,0.206612
1,0.267905,0.265252,0.201592
1,0.268097,0.262735,0.182306
1,0.236641,0.229008,0.178117
1,0.26972,0.21883,0.170483
1,0.271768,0.258575,0.171504
1,0.301887,0.250674,0.172507
1,0.31339,0.250712,0.182336
1,0.335329,0.263473,0.215569
1,0.336364,0.30303,0.239394
1,0.252125,0.271955,0.252125
1,0.220994,0.245856,0.237569
1,0.235925,0.214477,0.214477
1,0.2134,0.208437,0.208437
1,0.232558,0.20155,0.196382
1,0.253968,0.216931,0.164021
1,0.280928,0.21134,0.170103
1,0.309524,0.198413,0.171958
1,0.31117,0.204787,0.18883
1,0.324176,0.236264,0.192308
1,0.291878,0.228426,0.192893
1,0.310526,0.260526,0.213158
1,0.259067,0.277202,0.235751
1,0.264851,0.267327,0.232673
1,0.243309,0.253041,0.260341
1,0.267735,0.244851,0.254005
1,0.315789,0.270335,0.255981
1,0.264151,0.299528,0.275943
1,0.265258,0.298122,0.284038
1,0.273632,0.335821,0.313433
1,0.27551,0.336735,0.318878
1,0.250591,0.304965,0.288416
1,0.235828,0.260771,0.244898
1,0.245863,0.274232,0.260047
1,0.287469,0.297297,0.292383
1,0.257831,0.306024,0.293976
1,0.243655,0.340102,0.304569
1,0.243243,0.321867,0.31941
1,0.262599,0.360743,0.360743
1,0.257618,0.393352,0.390582
1,0.240437,0.379781,0.374317
1,0.267857,0.431548,0.389881
1,0.274566,0.407514,0.367052
1,0.259887,0.415254,0.370056
1,0.288288,0.453453,0.396396
1,0.303207,0.419825,0.358601
1,0.265537,0.398305,0.364407
1,0.244565,0.394022,0.353261
1,0.254795,0.413699,0.345205
1,0.273743,0.385475,0.343575
1,0.248634,0.382514,0.322404
1,0.278409,0.346591,0.3125
1,0.274457,0.334239,0.277174
1,0.23622,0.341207,0.257218
1,0.276836,0.355932,0.276836
1,0.278592,0.395894,0.319648
1,0.260606,0.427273,0.339394
1,0.273292,0.453416,0.381988
1,0.296667,0.506667,0.393333
1,0.222222,0.474474,0.351351
1,0.231672,0.454545,0.331378
1,0.276353,0.396011,0.319088
1,0.243553,0.389685,0.340974
1,0.249267,0.395894,0.331378
1,0.269006,0.371345,0.321637
1,0.261972,0.340845,0.309859
1,0.257618,0.310249,0.293629
1,0.252747,0.304945,0.299451
1,0.257218,0.262467,0.275591
1,0.29602,0.258706,0.243781
1,0.248792,0.253623,0.268116
1,0.268041,0.298969,0.293814
1,0.241975,0.293827,0.28642
1,0.234192,0.269321,0.250585
1,0.252847,0.266515,0.234624
1,0.23991,0.262332,0.237668
1,0.218263,0.25167,0.227171
1,0.237136,0.257271,0.228188
1,0.285714,0.300242,0.242131
1,0.304688,0.299479,0.270833
1,0.281863,0.279412,0.242647
1,0.284595,0.326371,0.287206
1,0.279891,0.377717,0.3125
1,0.305882,0.391176,0.338235
1,0.260606,0.439394,0.387879
1,0.252841,0.403409,0.360795
1,0.278409,0.400568,0.34375
1,0.301408,0.394366,0.338028
1,0.328571,0.428571,0.357143
1,0.305714,0.428571,0.391429
1,0.342767,0.484277,0.455975
1,0.317568,0.503378,0.527027
1,0.319865,0.511785,0.498316
1,0.260606,0.451515,0.472727
1,0.278592,0.434018,0.434018
1,0.307692,0.461538,0.427692
1,0.279635,0.43769,0.440729
1,0.262687,0.414925,0.420896
1,0.219251,0.363636,0.347594
1,0.282857,0.368571,0.325714
1,0.266854,0.356742,0.286517
1,0.26087,0.37971,0.324638
1,0.260163,0.360434,0.319783
1,0.243437,0.331742,0.26969
1,0.233918,0.274854,0.230019
1,0.222022,0.270758,0.245487
1,0.251799,0.316547,0.264388
1,0.237762,0.34965,0.274476
1,0.21865,0.31672,0.276527
1,0.22314,0.358678,0.297521
1,0.268852,0.368852,0.295082
1,0.246281,0.408264,0.342149
1,0.248038,0.383046,0.326531
1,0.277259,0.400312,0.325545
1,0.250779,0.431464,0.352025
1,0.23065,0.43808,0.391641
1,0.227679,0.397321,0.395833
1,0.260606,0.428788,0.421212
1,0.266142,0.451969,0.455118
1,0.225185,0.444444,0.447407
1,0.244083,0.446746,0.465976
1,0.224111,0.496136,0.50541
1,0.21408,0.428161,0.423851
1,0.226667,0.401333,0.394667
1,0.234748,0.403183,0.391247
1,0.218362,0.395782,0.390819
1,0.248744,0.413317,0.398241
1,0.24183,0.444444,0.426144
1,0.254729,0.422446,0.416141
1,0.2749,0.432935,0.466135
1,0.267663,0.452446,0.478261
1,0.256308,0.455511,0.47676
1,0.276265,0.435798,0.453956
1,0.241212,0.412121,0.420606
1,0.25448,0.400239,0.428913
1,0.250611,0.437653,0.447433
1,0.282367,0.435265,0.463625
1,0.277487,0.480366,0.536649
1,0.219753,0.464198,0.514815
1,0.282051,0.51417,0.558704
1,0.26703,0.531335,0.587193
1,0.236878,0.537012,0.588156
1,0.238768,0.513479,0.550706
1,0.251256,0.518844,0.548995
1,0.247134,0.550318,0.557962
1,0.232811,0.517491,0.551267
1,0.26401,0.554172,0.570361
1,0.234719,0.53912,0.575795
1,0.265625,0.550781,0.617188
1,0.293035,0.56636,0.636005
1,0.271919,0.541296,0.628971
1,0.272393,0.50184,0.582822
1,0.263971,0.49346,0.537455
1,0.244266,0.482798,0.508028
1,0.271889,0.485023,0.491935
1,0.24594,0.517401,0.50464
1,0.264493,0.555556,0.533816
1,0.278772,0.590793,0.542199
1,0.265045,0.608195,0.544174
1,0.260925,0.619537,0.570694
1,0.298898,0.646006,0.623967
1,0.255751,0.633288,0.631935
1,0.24234,0.630919,0.657382
1,0.23489,0.605769,0.677198
1,0.230769,0.593407,0.648352
1,0.231788,0.570861,0.592053
1,0.223067,0.564005,0.569075
1,0.253165,0.550633,0.567089
1,0.254215,0.59144,0.592737
1,0.225441,0.562972,0.583123
1,0.231552,0.559796,0.589059
1,0.238462,0.547436,0.594872
1,0.268636,0.600563,0.649789
1,0.252841,0.610795,0.661932
1,0.244926,0.562923,0.611637
1,0.260347,0.551402,0.595461
1,0.278205,0.521795,0.565385
1,0.27154,0.536554,0.586162
1,0.246134,0.543814,0.588918
1,0.218228,0.55199,0.603338
1,0.25158,0.547408,0.57775
1,0.261029,0.508578,0.572304
1,0.255066,0.510131,0.576877
1,0.272956,0.535849,0.602516
1,0.249001,0.580559,0.639148
1,0.267287,0.589096,0.631649
1,0.267833,0.601615,0.637954
1,0.256308,0.556441,0.648074
1,0.248349,0.561427,0.635403
1,0.269542,0.583558,0.636119
1,0.259452,0.563233,0.615385
1,0.23995,0.532663,0.574121
1,0.226368,0.531095,0.553483
1,0.25,0.57377,0.60929
1,0.275478,0.66242,0.718153
1,0.294896,0.756144,0.8431
1,0.278119,0.817996,0.883436
1,0.263514,0.916667,0.927928
1,0.263027,0.98263,0.977667
1,0.244332,0.972292,0.947103
1,0.206651,0.897862,0.871734
1,0.22365,0.894602,0.884319
1,0.260274,0.934247,0.945205
1,0.245763,0.881356,0.923729
1,0.291925,0.916149,0.968944
1,0.290221,0.876972,0.9653
1,0.23125,0.859375,0.9375
1,0.178344,0.878981,0.89172
1,0.265517,0.865517,0.889655
1,0.226351,0.820946,0.864865
1,0.208609,0.788079,0.807947
1,0.186747,0.668675,0.695783
1,0.243421,0.713816,0.743421
1,0.22408,0.712375,0.735786
1,0.246667,0.683333,0.693333
1,0.219048,0.68254,0.647619
1,0.220183,0.651376,0.605505
1,0.181333,0.554667,0.496
1,0.254286,0.554286,0.525714
1,0.268519,0.611111,0.58642
1,0.250765,0.587156,0.556575
1,0.308197,0.662295,0.577049
1,0.281065,0.597633,0.544379
1,0.247788,0.634218,0.551622
1,0.19242,0.644315,0.568513
1,0.261398,0.610942,0.583587
1,0.261538,0.630769,0.584615
1,0.236196,0.638037,0.582822
1,0.259136,0.684385,0.598007
1,0.244526,0.755474,0.627737
1,0.231618,0.727941,0.610294
1,0.258427,0.70412,0.651685
1,0.226619,0.672662,0.611511
1,0.218855,0.606061,0.518519
1,0.223301,0.579288,0.495146
1,0.201299,0.587662,0.535714
1,0.207792,0.616883,0.529221
1,0.246006,0.58147,0.530351
1,0.242424,0.560606,0.49697
1,0.253205,0.602564,0.538462
1,0.221865,0.620579,0.543408
1,0.258278,0.622517,0.549669
1,0.269091,0.658182,0.650909
1,0.319231,0.696154,0.707692
1,0.262799,0.590444,0.651877
1,0.302405,0.601375,0.666667
1,0.258865,0.588652,0.673759
1,0.179811,0.526814,0.608833
1,0.242321,0.546075,0.59727
1,0.216129,0.535484,0.519355
1,0.254355,0.543554,0.560976
1,0.251748,0.538462,0.527972
1,0.237589,0.553191,0.514184
1,0.231034,0.541379,0.517241
1,0.210169,0.535593,0.515254
1,0.217105,0.516447,0.503289
1,0.245902,0.47541,0.495082
1,0.216561,0.477707,0.468153
1,0.281787,0.505155,0.525773
1,0.245283,0.471698,0.515723
1,0.236196,0.469325,0.47546
1,0.293548,0.509677,0.464516
1,0.253086,0.509259,0.469136
1,0.269444,0.45,0.411111
1,0.307692,0.507692,0.48
1,0.26087,0.524845,0.531056
1,0.249231,0.529231,0.489231
1,0.333333,0.539683,0.495238
1,0.315436,0.583893,0.536913
1,0.294118,0.568627,0.526144
1,0.270186,0.537267,0.543478
1,0.230321,0.510204,0.507289
1,0.260479,0.538922,0.523952
1,0.269231,0.61859,0.557692
1,0.315068,0.674658,0.60274
1,0.24911,0.718861,0.647687
1,0.258865,0.695035,0.613475
1,0.266667,0.684211,0.596491
1,0.268041,0.66323,0.563574
1,0.224138,0.675862,0.555172
1,0.236486,0.618243,0.557432
1,0.253472,0.645833,0.586806
1,0.3083,0.758893,0.715415
1,0.285714,0.725869,0.706564
1,0.244604,0.647482,0.643885
1,0.244966,0.590604,0.583893
1,0.312268,0.643123,0.657993
1,0.298611,0.5625,0.600694
1,0.282143,0.578571,0.635714
1,0.277778,0.538194,0.604167
1,0.239726,0.513699,0.568493
1,0.278523,0.489933,0.530201
1,0.234114,0.508361,0.531773
1,0.255245,0.503497,0.566434
1,0.258427,0.539326,0.58427
1,0.233716,0.559387,0.56705
1,0.245283,0.54717,0.539623
1,0.251825,0.518248,0.543796
1,0.237288,0.498305,0.515254
1,0.219436,0.435737,0.448276
1,0.232258,0.419355,0.451613
1,0.272109,0.438776,0.489796
1,0.234323,0.412541,0.465347
1,0.226537,0.359223,0.436893
1,0.195467,0.311615,0.371105
1,0.255952,0.318452,0.39881
1,0.22,0.294286,0.382857
1,0.246575,0.260274,0.353425
1,0.231959,0.247423,0.309278
1,0.235149,0.237624,0.294554
1,0.26817,0.243108,0.298246
1,0.269036,0.243655,0.30203
1,0.297436,0.25641,0.297436
1,0.289617,0.306011,0.34153
1,0.318841,0.356522,0.347826
1,0.334247,0.306849,0.29863
1,0.308743,0.322404,0.297814
1,0.307487,0.304813,0.323529
1,0.303763,0.301075,0.354839
1,0.281984,0.336815,0.318538
1,0.284153,0.377049,0.322404
1,0.272472,0.393258,0.331461
1,0.287293,0.392265,0.30663
1,0.322314,0.358127,0.292011
1,0.286472,0.339523,0.281167
1,0.261658,0.331606,0.300518
1,0.27551,0.316327,0.290816
1,0.241379,0.29803,0.285714
1,0.260309,0.296392,0.301546
1,0.248062,0.320413,0.294574
1,0.275949,0.331646,0.291139
1,0.310881,0.321244,0.279793
1,0.334239,0.342391,0.309783
1,0.282192,0.369863,0.345205
1,0.277045,0.379947,0.324538
1,0.242188,0.361979,0.296875
1,0.244737,0.363158,0.302632
1,0.263587,0.36413,0.334239
1,0.265583,0.346883,0.292683
1,0.316667,0.341667,0.311111
1,0.286089,0.299213,0.304462
1,0.318801,0.316076,0.286104
1,0.266491,0.319261,0.269129
1,0.255051,0.305556,0.242424
1,0.239796,0.303571,0.227041
1,0.255474,0.282238,0.218978
1,0.247549,0.289216,0.223039
1,0.251701,0.260771,0.226757
1,0.259953,0.290398,0.245902
1,0.281324,0.288416,0.269504
1,0.288509,0.315403,0.295844
1,0.280193,0.311594,0.289855
1,0.251244,0.348259,0.298507
1,0.243243,0.339066,0.312039
1,0.251256,0.351759,0.341709
1,0.230583,0.337379,0.303398
1,0.232394,0.312207,0.286385
1,0.248826,0.295775,0.29108
1,0.237778,0.282222,0.271111
1,0.251121,0.264574,0.282511
1,0.257403,0.266515,0.268793
1,0.283019,0.290094,0.294811
1,0.260341,0.321168,0.333333
1,0.28,0.365,0.33
1,0.239506,0.375309,0.31358
1,0.263441,0.424731,0.341398
1,0.237245,0.410714,0.293367
1,0.229798,0.391414,0.300505
1,0.254499,0.372751,0.298201
1,0.246883,0.356608,0.266833
1,0.259615,0.322115,0.259615
1,0.24821,0.305489,0.245823
1,0.253589,0.30622,0.236842
1,0.269327,0.296758,0.224439
1,0.313924,0.275949,0.232911
1,0.299492,0.28934,0.241117
1,0.303571,0.295918,0.234694
1,0.32376,0.284595,0.232376
1,0.275689,0.280702,0.213033
1,0.248175,0.296837,0.214112
1,0.290727,0.278195,0.220551
1,0.288835,0.264563,0.220874
1,0.295285,0.295285,0.220844
1,0.312977,0.305344,0.201018
1,0.278481,0.306329,0.189873
1,0.314578,0.294118,0.176471
1,0.335106,0.305851,0.191489
1,0.263682,0.300995,0.226368
1,0.276119,0.31592,0.238806
1,0.273608,0.292978,0.22276
1,0.317259,0.314721,0.236041
1,0.299233,0.329923,0.250639
1,0.327366,0.335038,0.237852
1,0.362398,0.351499,0.275204
1,0.322314,0.402204,0.272727
1,0.293948,0.429395,0.288184
1,0.276423,0.395664,0.276423
1,0.251309,0.387435,0.28534
1,0.258794,0.376884,0.263819
1,0.240741,0.417989,0.304233
1,0.202564,0.415385,0.302564
1,0.247423,0.365979,0.324742
1,0.275401,0.368984,0.36631
1,0.263291,0.349367,0.341772
1,0.293233,0.313283,0.323308
1,0.245902,0.285714,0.299766
1,0.243119,0.295872,0.284404
1,0.233624,0.29476,0.279476
1,0.215517,0.273707,0.293103
1,0.255556,0.268889,0.291111
1,0.287037,0.259259,0.270833
1,0.290828,0.243848,0.248322
1,0.29011,0.228571,0.237363
1,0.319383,0.226872,0.235683
1,0.305687,0.260664,0.28436
1,0.306373,0.303922,0.313725
1,0.323834,0.34456,0.323834
1,0.290404,0.308081,0.318182
1,0.304688,0.286458,0.317708
1,0.308108,0.289189,0.32973
1,0.32626,0.291777,0.30504
1,0.282322,0.300792,0.327177
1,0.229358,0.275229,0.275229
1,0.251208,0.289855,0.272947
1,0.243309,0.26764,0.287105
1,0.298429,0.280105,0.32199
1,0.275862,0.299735,0.32626
1,0.283422,0.304813,0.331551
1,0.24,0.293333,0.373333
1,0.230159,0.293651,0.37037
1,0.264305,0.297003,0.392371
1,0.237333,0.317333,0.368
1,0.258242,0.337912,0.376374
1,0.25,0.356742,0.384831
1,0.211382,0.365854,0.346883
1,0.273743,0.351955,0.343575
1,0.250689,0.363636,0.347107
1,0.245179,0.38292,0.333333
1,0.232432,0.386486,0.348649
1,0.232493,0.383754,0.372549
1,0.277286,0.39823,0.39528
1,0.23662,0.371831,0.383099
1,0.252809,0.359551,0.390449
1,0.26284,0.392749,0.44713
1,0.274052,0.393586,0.405248
1,0.212766,0.343085,0.37766
1,0.24234,0.339833,0.389972
1,0.286533,0.340974,0.381089
1,0.245125,0.362117,0.387187
1,0.248588,0.367232,0.409605
1,0.261261,0.402402,0.447447
1,0.243161,0.413374,0.425532
1,0.279365,0.415873,0.460317
1,0.268608,0.436893,0.456311
1,0.257627,0.484746,0.488136
1,0.286667,0.473333,0.46
1,0.24918,0.488525,0.465574
1,0.246057,0.460568,0.479495
1,0.271845,0.475728,0.504854
1,0.28115,0.479233,0.517572
1,0.305263,0.557895,0.575439
1,0.227129,0.520505,0.539432
1,0.303571,0.567857,0.635714
1,0.292419,0.599278,0.613718
1,0.296992,0.590226,0.605263
1,0.308511,0.58156,0.553191
1,0.316151,0.522337,0.560137
1,0.298969,0.556701,0.563574
1,0.238579,0.411168,0.408629
1,0.220779,0.322511,0.339827
1,0.222008,0.291506,0.301158
1,0.212329,0.265411,0.27226
1,0.195122,0.246951,0.26372
1,0.199147,0.230441,0.240398
1,0.222982,0.21751,0.233926
1,0.250324,0.204929,0.228275
1,0.221384,0.223899,0.241509
1,0.204517,0.248432,0.267252
1,0.210199,0.282338,0.273632
1,0.233412,0.28673,0.255924
1,0.283313,0.297719,0.260504
1,0.235706,0.316219,0.26021
1,0.239078,0.288835,0.251214
1,0.254079,0.275058,0.235431
1,0.273563,0.27931,0.221839
1,0.291429,0.284571,0.230857
1,0.262038,0.273236,0.220605
1,0.25,0.256356,0.205508
1,0.256163,0.289389,0.244373
1,0.261377,0.354726,0.313886
1,0.25509,0.390419,0.34491
1,0.27673,0.421384,0.381132
1,0.261097,0.456919,0.421671
1,0.27897,0.520744,0.490701
1,0.271449,0.541491,0.475387
1,0.256032,0.52681,0.463807
1,0.254499,0.488432,0.440874
1,0.254753,0.485425,0.448669
1,0.236842,0.5,0.458647
1,0.268421,0.538158,0.505263
1,0.293035,0.516426,0.504599
1,0.309589,0.568493,0.547945
1,0.258964,0.567065,0.552457
1,0.293296,0.607542,0.596369
1,0.270748,0.590476,0.605442
1,0.25035,0.608392,0.630769
1,0.255144,0.592593,0.580247
1,0.241602,0.523256,0.521964
1,0.223803,0.530401,0.536869
1,0.220532,0.524715,0.548796
1,0.220443,0.492611,0.541872
1,0.227273,0.520202,0.584596
1,0.249066,0.520548,0.579078
1,0.258469,0.526976,0.604768
1,0.250639,0.543478,0.613811
1,0.270092,0.58498,0.608696
1,0.260652,0.558897,0.556391
1,0.262701,0.557621,0.568773
1,0.280457,0.571066,0.586294
1,0.277363,0.547264,0.564677
1,0.236407,0.537825,0.528369
1,0.249403,0.550119,0.527446
1,0.257463,0.575871,0.557214
1,0.278646,0.601562,0.582031
1,0.25345,0.570891,0.570891
1,0.255668,0.570529,0.557935
1,0.28,0.585806,0.587097
1,0.286667,0.628,0.628
1,0.280914,0.651882,0.645161
1,0.257853,0.625654,0.651832
1,0.245707,0.612946,0.660502
1,0.253886,0.588083,0.630829
1,0.240106,0.596306,0.629288
1,0.221093,0.598475,0.592122
1,0.234257,0.593199,0.580605
1,0.23236,0.596107,0.558394
1,0.236745,0.58693,0.574599
1,0.230673,0.593516,0.573566
1,0.252229,0.597452,0.606369
1,0.265985,0.594629,0.626598
1,0.233939,0.575758,0.602424
1,0.250633,0.606329,0.627848
1,0.230189,0.607547,0.623899
1,0.21175,0.583843,0.616891
1,0.238566,0.589617,0.619283
1,0.218551,0.602287,0.64803
1,0.234015,0.595908,0.648338
1,0.238806,0.63772,0.68114
1,0.277851,0.61599,0.657929
1,0.263298,0.62367,0.678191
1,0.237401,0.602122,0.677719
1,0.246433,0.557717,0.636835
1,0.237852,0.560102,0.634271
1,0.270886,0.55443,0.624051
1,0.206736,0.507549,0.551684
1,0.235092,0.477064,0.53555
1,0.248521,0.506509,0.514793
1,0.245018,0.484174,0.504103
1,0.260606,0.50303,0.528485
1,0.297931,0.583448,0.594483
1,0.3136,0.6896,0.696
1,0.315044,0.773451,0.759292
1,0.31,0.874,0.83
1,0.280435,0.923913,0.904348
1,0.228507,0.934389,0.902715
1,0.215556,0.877778,0.851111
1,0.209026,0.926366,0.885986
1,0.225806,0.923077,0.868486
1,0.205314,0.855072,0.81401
1,0.264,0.898667,0.837333
1,0.270423,0.946479,0.842254
1,0.231214,0.971098,0.895954
1,0.249211,1.00946,0.936909
1,0.201923,0.961538,0.923077
1,0.198225,0.801775,0.840237
1,0.242902,0.832808,0.851735
1,0.195266,0.736686,0.739645
1,0.216374,0.701754,0.719298
1,0.268987,0.731013,0.762658
1,0.313333,0.756667,0.773333
1,0.254717,0.72327,0.688679
1,0.230216,0.791367,0.791367
1,0.257463,0.742537,0.820896
1,0.212014,0.685512,0.727915
1,0.200758,0.708333,0.753788
1,0.176678,0.597173,0.742049
1,0.207885,0.637993,0.72043
1,0.243902,0.599303,0.644599
1,0.226537,0.550162,0.618123
1,0.29021,0.615385,0.65035
1,0.268041,0.61512,0.66323
1,0.282528,0.672862,0.713755
1,0.296703,0.637363,0.692308
1,0.272727,0.632727,0.709091
1,0.237931,0.624138,0.634483
1,0.265517,0.613793,0.617241
1,0.283828,0.610561,0.584158
1,0.263844,0.631922,0.599349
1,0.267742,0.609677,0.583871
1,0.231003,0.586626,0.56231
1,0.259386,0.641638,0.675768
1,0.232143,0.657143,0.7
1,0.241379,0.631034,0.644828
1,0.242321,0.576792,0.651877
1,0.244681,0.588652,0.680851
1,0.230216,0.611511,0.669065
1,0.262963,0.640741,0.67037
1,0.247387,0.567944,0.571429
1,0.229236,0.574751,0.548173
1,0.274074,0.644444,0.625926
1,0.283019,0.671698,0.611321
1,0.265683,0.634686,0.597786
1,0.289855,0.57971,0.597826
1,0.220641,0.615658,0.6121
1,0.21831,0.619718,0.588028
1,0.236364,0.625455,0.589091
1,0.247273,0.647273,0.581818
1,0.301818,0.643636,0.6
1,0.305455,0.629091,0.618182
1,0.303502,0.70428,0.684825
1,0.276753,0.678967,0.623616
1,0.261194,0.69403,0.641791
1,0.25,0.639286,0.603571
1,0.266212,0.593857,0.59727
1,0.251656,0.589404,0.586093
1,0.249169,0.574751,0.598007
1,0.235484,0.567742,0.603226
1,0.223565,0.52568,0.55287
1,0.212698,0.552381,0.603175
1,0.27758,0.597865,0.640569
1,0.193878,0.585034,0.656463
1,0.177258,0.575251,0.632107
1,0.156442,0.530675,0.54908
1,0.226006,0.50774,0.563467
1,0.213592,0.576052,0.566343
1,0.233677,0.646048,0.587629
1,0.25614,0.568421,0.547368
1,0.258993,0.546763,0.514388
1,0.215488,0.457912,0.444444
1,0.237762,0.447552,0.41958
1,0.236246,0.420712,0.375405
1,0.242857,0.460714,0.432143
1,0.247191,0.468165,0.483146
1,0.177049,0.413115,0.44918
1,0.186747,0.38253,0.418675
1,0.228916,0.376506,0.400602
1,0.23494,0.364458,0.385542
1,0.226471,0.341176,0.397059
1,0.231013,0.35443,0.424051
1,0.163265,0.349854,0.361516
1,0.206215,0.316384,0.316384
1,0.283489,0.342679,0.367601
1,0.286689,0.395904,0.453925
1,0.240143,0.444444,0.505376
1,0.221453,0.435986,0.491349
1,0.220149,0.488806,0.533582
1,0.197917,0.451389,0.493056
1,0.27305,0.446809,0.514184
1,0.203883,0.430421,0.443366
1,0.204023,0.353448,0.37069
1,0.232955,0.332386,0.369318
1,0.223464,0.332402,0.357542
1,0.274854,0.356725,0.353801
1,0.272464,0.353623,0.342029
1,0.261628,0.369186,0.363372
1,0.263158,0.365497,0.362573
1,0.278261,0.391304,0.365217
1,0.366337,0.448845,0.405941
1,0.33123,0.410095,0.403785
1,0.262346,0.398148,0.419753
1,0.246106,0.367601,0.433022
1,0.271903,0.353474,0.39577
1,0.263636,0.375758,0.393939
1,0.236311,0.348703,0.37464
1,0.228947,0.307895,0.315789
1,0.286885,0.319672,0.338798
1,0.251989,0.331565,0.310345
1,0.244624,0.33871,0.322581
1,0.247312,0.346774,0.314516
1,0.259358,0.339572,0.328877
1,0.265193,0.378453,0.345304
1,0.311429,0.385714,0.377143
1,0.295393,0.384824,0.346883
1,0.284091,0.375,0.352273
1,0.275766,0.348189,0.331476
1,0.24282,0.331593,0.279373
1,0.248768,0.280788,0.246305
1,0.2725,0.2875,0.2525
1,0.292621,0.282443,0.244275
1,0.261965,0.284635,0.234257
1,0.247475,0.30303,0.255051
1,0.261538,0.302564,0.251282
1,0.259709,0.286408,0.254854
1,0.285366,0.273171,0.236585
1,0.295567,0.263547,0.219212
1,0.302326,0.260982,0.245478
1,0.290076,0.246819,0.262087
1,0.275949,0.235443,0.260759
1,0.311346,0.255937,0.282322
1,0.263298,0.281915,0.292553
1,0.285326,0.290761,0.30163
1,0.277008,0.313019,0.32964
1,0.245989,0.320856,0.302139
1,0.240642,0.299465,0.304813
1,0.258398,0.260982,0.289406
1,0.244898,0.255102,0.285714
1,0.243119,0.227064,0.25
1,0.221461,0.237443,0.237443
1,0.28744,0.248792,0.231884
1,0.295567,0.243842,0.258621
1,0.281481,0.234568,0.266667
1,0.299479,0.25,0.255208
1,0.258575,0.242744,0.274406
1,0.273438,0.231771,0.252604
1,0.313514,0.251351,0.254054
1,0.298701,0.241558,0.246753
1,0.299233,0.255754,0.237852
1,0.33515,0.26158,0.26158
1,0.328571,0.302857,0.28
1,0.304843,0.290598,0.273504
1,0.27957,0.287634,0.255376
1,0.30303,0.294766,0.247934
1,0.303116,0.308782,0.274788
1,0.323699,0.315029,0.286127
1,0.30659,0.323782,0.275072
1,0.275,0.286111,0.255556
1,0.270655,0.267806,0.242165
1,0.312321,0.26361,0.223496
1,0.303763,0.244624,0.177419
1,0.316216,0.237838,0.178378
1,0.316667,0.266667,0.2
1,0.28877,0.278075,0.197861
1,0.322946,0.280453,0.215297
1,0.290503,0.26257,0.243017
1,0.278409,0.264205,0.255682
1,0.288184,0.256484,0.253602
1,0.340237,0.242604,0.260355
1,0.308782,0.206799,0.271955
1,0.304225,0.2,0.259155
1,0.273973,0.191781,0.263014
1,0.308782,0.203966,0.27762
1,0.281421,0.202186,0.273224
1,0.293255,0.246334,0.322581
1,0.297059,0.226471,0.335294
1,0.29683,0.230548,0.29683
1,0.289398,0.200573,0.295129
1,0.296919,0.235294,0.266106
1,0.27957,0.225806,0.258065
1,0.272494,0.218509,0.254499
1,0.292105,0.215789,0.255263
1,0.28836,0.21164,0.253968
1,0.276536,0.231844,0.265363
1,0.259155,0.211268,0.250704
1,0.269341,0.197708,0.249284
1,0.283379,0.212534,0.209809
1,0.266667,0.205556,0.241667
1,0.267218,0.239669,0.250689
1,0.277473,0.230769,0.266484
1,0.254743,0.246612,0.271003
1,0.232295,0.271955,0.29745
1,0.245478,0.250646,0.26615
1,0.297003,0.291553,0.286104
1,0.263473,0.332335,0.332335
1,0.25641,0.333333,0.304843
1,0.227154,0.295039,0.292428
1,0.231738,0.284635,0.269521
1,0.251834,0.283619,0.283619
1,0.241135,0.269504,0.269504
1,0.241784,0.2723,0.251174
1,0.245863,0.274232,0.260047
1,0.230769,0.268132,0.237363
1,0.225738,0.270042,0.232068
1,0.258696,0.286957,0.258696
1,0.265625,0.310268,0.279018
1,0.255079,0.329571,0.31377
1,0.296651,0.368421,0.344498
1,0.281095,0.405473,0.370647
1,0.286822,0.547804,0.413437
1,0.26087,0.514493,0.391304
1,0.235698,0.464531,0.352403
1,0.259861,0.450116,0.331787
1,0.237136,0.431767,0.310962
1,0.233853,0.412027,0.305122
1,0.235169,0.375,0.271186
1,0.276688,0.455338,0.281046
1,0.265263,0.410526,0.254737
1,0.291759,0.436526,0.253898
1,0.257928,0.395349,0.264271
1,0.242105,0.370526,0.258947
1,0.24622,0.349892,0.278618
1,0.236607,0.334821,0.328125
1,0.292271,0.480676,0.357488
1,0.313776,0.484694,0.382653
1,0.315068,0.509589,0.432877
1,0.342697,0.488764,0.426966
1,0.370787,0.452247,0.404494
1,0.337079,0.44382,0.401685
1,0.30791,0.446328,0.375706
1,0.303763,0.548387,0.354839
1,0.296,0.466667,0.325333
1,0.296399,0.490305,0.3241
1,0.306122,0.51312,0.367347
1,0.289157,0.503012,0.412651
1,0.285714,0.537267,0.416149
1,0.269231,0.508876,0.393491
1,0.265896,0.653179,0.384393
1,0.286154,0.646154,0.421538
1,0.258462,0.633846,0.424615
1,0.292754,0.542029,0.371014
1,0.269122,0.492918,0.354108
1,0.248042,0.412533,0.328982
1,0.246753,0.394805,0.303896
1,0.238579,0.520305,0.27665
1,0.263298,0.521277,0.273936
1,0.293011,0.524194,0.241935
1,0.281843,0.506775,0.268293
1,0.274238,0.520776,0.288089
1,0.277457,0.531792,0.291908
1,0.25816,0.5727,0.320475
1,0.2875,0.7375,0.31875
1,0.346667,0.743333,0.316667
1,0.341216,0.72973,0.314189
1,0.32,0.774545,0.349091
1,0.354582,0.800797,0.38247
1,0.337553,0.831224,0.443038
1,0.283262,0.841202,0.48927
1,0.266409,0.88417,0.420849
1,0.24031,0.848837,0.453488
1,0.24,0.738182,0.392727
1,0.264706,0.683824,0.382353
1,0.271375,0.69145,0.386617
1,0.3,0.685185,0.392593
1,0.232258,0.583871,0.351613
1,0.200535,0.59893,0.283422
1,0.226328,0.494226,0.226328
1,0.248858,0.497717,0.210046
1,0.268354,0.564557,0.248101
1,0.28877,0.604278,0.26738
1,0.276056,0.64507,0.304225
1,0.250704,0.639437,0.346479
1,0.222222,0.71358,0.318519
1,0.222222,0.68287,0.287037
1,0.275943,0.693396,0.304245
1,0.234273,0.596529,0.286334
1,0.238512,0.564551,0.266958
1,0.233645,0.484112,0.228037
1,0.242775,0.520231,0.244701
1,0.250951,0.644487,0.245247
1,0.261364,0.63447,0.257576
1,0.216172,0.511551,0.234323
1,0.220395,0.476974,0.212171
1,0.214168,0.426689,0.186161
1,0.230303,0.383333,0.184848
1,0.240658,0.406577,0.188341
1,0.266176,0.482353,0.216176
1,0.284226,0.495536,0.221726
1,0.29386,0.48538,0.225146
1,0.263736,0.46978,0.228022
1,0.26539,0.459644,0.247606
1,0.263087,0.436242,0.253691
1,0.276006,0.446602,0.262136
1,0.265363,0.543296,0.268156
1,0.261735,0.549075,0.283073
1,0.275762,0.550073,0.307692
1,0.237681,0.563768,0.310145
1,0.226087,0.566667,0.301449
1,0.218236,0.593423,0.313901
1,0.235772,0.634146,0.346341
1,0.19906,0.694357,0.351097
1,0.242748,0.654962,0.328244
1,0.240429,0.653905,0.339969
1,0.256039,0.681159,0.375201
1,0.250769,0.647692,0.367692
1,0.275316,0.675633,0.375
1,0.270833,0.695513,0.387821
1,0.245723,0.755832,0.376361
1,0.25387,0.713622,0.365325
1,0.23503,0.694611,0.368263
1,0.233631,0.660714,0.376488
1,0.249626,0.662182,0.376682
1,0.240223,0.593575,0.349162
1,0.227596,0.610242,0.358464
1,0.224163,0.63901,0.328967
1,0.236364,0.573427,0.288112
1,0.222805,0.528178,0.277851
1,0.232022,0.561737,0.313433
1,0.252113,0.588732,0.335211
1,0.237017,0.569907,0.328895
1,0.264624,0.587744,0.369081
1,0.228216,0.659751,0.406639
1,0.241234,0.690042,0.417952
1,0.233618,0.65812,0.425926
1,0.227273,0.661932,0.413352
1,0.244318,0.639205,0.413352
1,0.272036,0.671733,0.451368
1,0.267372,0.608761,0.468278
1,0.230769,0.661243,0.463018
1,0.236769,0.598886,0.440111
1,0.237762,0.6,0.434965
1,0.228731,0.594142,0.444909
1,0.246356,0.62828,0.475219
1,0.225852,0.616477,0.458807
1,0.268895,0.62064,0.444767
1,0.255435,0.627717,0.403533
1,0.284327,0.626907,0.429958
1,0.308588,0.697234,0.459971
1,0.288956,0.750378,0.479576
1,0.248895,0.746686,0.46539
1,0.233926,0.644323,0.404925
1,0.229974,0.595607,0.374677
1,0.235371,0.661899,0.401821
1,0.257596,0.655218,0.401585
1,0.273492,0.670407,0.430575
1,0.274373,0.679666,0.430362
1,0.256815,0.697274,0.46198
1,0.288722,0.738346,0.505263
1,0.279104,0.720896,0.498507
1,0.25766,0.736769,0.463788
1,0.276989,0.72017,0.5
1,0.261939,0.696093,0.52822
1,0.188425,0.636608,0.500673
1,0.25034,0.634014,0.506122
1,0.260347,0.614152,0.496662
1,0.29697,0.712121,0.559091
1,0.25974,0.868506,0.618506
1,0.286252,0.977401,0.702448
1,0.264392,1.09382,0.754797
1,0.255507,1.07048,0.759912
1,0.24228,1.15439,0.776722
1,0.25,1.22368,0.823684
1,0.282123,1.23464,0.824022
1,0.274406,1.21372,0.778364
1,0.28022,1.15659,0.813187
1,0.251397,1.15642,0.849162
1,0.242515,1.2006,0.805389
1,0.255319,1.12462,0.778116
1,0.243077,1.10462,0.747692
1,0.264615,1.03385,0.723077
1,0.251634,1.21569,0.718954
1,0.262069,1.23448,0.744828
1,0.243816,1.17668,0.724382
1,0.23301,0.990291,0.63754
1,0.232258,0.93871,0.596774
1,0.280645,0.896774,0.580645
1,0.255814,0.903654,0.571429
1,0.264808,1.08362,0.61324
1,0.267606,1.0669,0.616197
1,0.272425,0.950166,0.551495
1,0.271478,0.934708,0.570447
1,0.236667,0.863333,0.566667
1,0.273356,0.83737,0.591696
1,0.237762,0.821678,0.629371
1,0.166667,0.952381,0.619048
1,0.2,0.822222,0.539683
1,0.249158,0.841751,0.545455
1,0.26087,0.785953,0.545151
1,0.258567,0.679128,0.492212
1,0.334426,0.714754,0.47541
1,0.325503,0.738255,0.469799
1,0.33887,0.727575,0.445183
1,0.250774,0.696594,0.442724
1,0.212025,0.712025,0.455696
1,0.210059,0.659763,0.399408
1,0.203966,0.645892,0.410765
1,0.228814,0.621469,0.40113
1,0.26393,0.656891,0.439883
1,0.268437,0.705015,0.415929
1,0.227545,0.733533,0.446108
1,0.215152,0.742424,0.463636
1,0.26284,0.712991,0.450151
1,0.271242,0.800654,0.45098
1,0.278638,0.76161,0.427245
1,0.267477,0.705167,0.407295
1,0.245455,0.666667,0.415152
1,0.320635,0.679365,0.396825
1,0.343537,0.731293,0.431973
1,0.362745,0.728758,0.415033
1,0.341463,0.780488,0.428571
1,0.328671,0.807692,0.395105
1,0.333333,0.893939,0.450758
1,0.304348,0.936759,0.498024
1,0.259398,0.838346,0.488722
1,0.281955,0.781955,0.481203
1,0.185714,0.728571,0.503571
1,0.241993,0.701068,0.476868
1,0.25641,0.688645,0.52381
1,0.204013,0.632107,0.468227
1,0.205298,0.612583,0.44702
1,0.265152,0.670455,0.488636
1,0.203947,0.552632,0.467105
1,0.194888,0.517572,0.453674
1,0.222222,0.51746,0.450794
1,0.267606,0.56338,0.485915
1,0.298113,0.550943,0.524528
1,0.276596,0.5,0.510638
1,0.314815,0.503704,0.52963
1,0.263359,0.534351,0.599237
1,0.302682,0.532567,0.590038
1,0.264151,0.539623,0.54717
1,0.252747,0.545788,0.545788
1,0.25448,0.501792,0.537634
1,0.228477,0.440397,0.496689
1,0.25974,0.412338,0.444805
1,0.333333,0.468864,0.505495
1,0.261649,0.480287,0.491039
1,0.240678,0.444068,0.467797
1,0.256494,0.412338,0.448052
1,0.221239,0.39823,0.40413
1,0.246154,0.424615,0.412308
1,0.259494,0.436709,0.401899
1,0.260135,0.466216,0.425676
1,0.236842,0.440789,0.401316
1,0.221519,0.455696,0.363924
1,0.250847,0.447458,0.372881
1,0.233766,0.386364,0.334416
1,0.228758,0.343137,0.313725
1,0.259939,0.321101,0.262997
1,0.237082,0.352584,0.300912
1,0.253776,0.350453,0.271903
1,0.226471,0.379412,0.279412
1,0.277778,0.45098,0.313725
1,0.268987,0.405063,0.300633
1,0.246154,0.366154,0.295385
1,0.223602,0.350932,0.26087
1,0.221498,0.34202,0.237785
1,0.306897,0.351724,0.244828
1,0.290102,0.31058,0.25256
1,0.262658,0.287975,0.218354
1,0.248503,0.254491,0.209581
1,0.22191,0.238764,0.179775
1,0.228814,0.231638,0.180791
1,0.228261,0.241848,0.1875
1,0.260234,0.269006,0.210526
1,0.261765,0.273529,0.252941
1,0.270588,0.273529,0.252941
1,0.287356,0.235632,0.229885
1,0.273775,0.239193,0.233429
1,0.238889,0.230556,0.244444
1,0.221622,0.22973,0.248649
1,0.207756,0.221607,0.254848
1,0.236994,0.213873,0.248555
1,0.232493,0.204482,0.232493
1,0.245714,0.222857,0.228571
1,0.233516,0.21978,0.230769
1,0.266846,0.221024,0.215633
1,0.257294,0.236074,0.217507
1,0.235616,0.249315,0.221918
1,0.243767,0.227147,0.232687
1,0.201592,0.238727,0.217507
1,0.208651,0.216285,0.21883
1,0.243781,0.174129,0.216418
1,0.272727,0.192208,0.241558
1,0.251816,0.188862,0.217918
1,0.263889,0.164352,0.201389
1,0.278302,0.186321,0.231132
1,0.280576,0.196643,0.261391
1,0.275168,0.194631,0.239374
1,0.293182,0.218182,0.272727
1,0.308046,0.23908,0.266667
1,0.291667,0.259259,0.268519
1,0.284706,0.258824,0.270588
1,0.264916,0.288783,0.295943
1,0.293532,0.300995,0.320896
1,0.315245,0.315245,0.320413
1,0.299505,0.309406,0.287129
1,0.295122,0.304878,0.3
1,0.28536,0.307692,0.307692
1,0.292308,0.320513,0.284615
1,0.333333,0.35014,0.352941
1,0.304945,0.351648,0.337912
1,0.339339,0.387387,0.378378
1,0.346505,0.379939,0.349544
1,0.319403,0.349254,0.322388
1,0.339181,0.318713,0.280702
1,0.297297,0.294595,0.256757
1,0.313187,0.315934,0.271978
1,0.306494,0.301299,0.275325
1,0.253886,0.313472,0.256477
1,0.240506,0.301266,0.248101
1,0.2325,0.29,0.265
1,0.261097,0.29765,0.274151
1,0.273973,0.328767,0.312329
1,0.281421,0.311475,0.319672
1,0.268493,0.323288,0.326027
1,0.310056,0.315642,0.326816
1,0.265583,0.308943,0.308943
1,0.253886,0.282383,0.30829
1,0.25122,0.253659,0.270732
1,0.297561,0.263415,0.263415
1,0.287469,0.255528,0.257985
1,0.303342,0.285347,0.275064
1,0.277778,0.287879,0.282828
1,0.250633,0.293671,0.270886
1,0.262626,0.29798,0.247475
1,0.25,0.2875,0.27
1,0.293671,0.260759,0.253165
1,0.309406,0.235149,0.235149
1,0.283208,0.260652,0.255639
1,0.285024,0.248792,0.227053
1,0.31941,0.243243,0.228501
1,0.303944,0.236659,0.220418
1,0.304651,0.232558,0.234884
1,0.290023,0.262181,0.241299
1,0.313725,0.272059,0.252451
1,0.325123,0.256158,0.236453
1,0.28392,0.261307,0.251256
1,0.314634,0.241463,0.202439
1,0.274939,0.243309,0.231144
1,0.263427,0.265985,0.225064
1,0.264484,0.269521,0.214106
1,0.283117,0.272727,0.225974
1,0.262032,0.272727,0.240642
1,0.262712,0.276836,0.234463
1,0.26087,0.258152,0.222826
1,0.234667,0.261333,0.224
1,0.194937,0.217722,0.23038
1,0.185096,0.199519,0.21875
1,0.238806,0.218905,0.20398
1,0.26972,0.208651,0.201018
1,0.314286,0.205195,0.21039
1,0.283505,0.219072,0.203608
1,0.281481,0.212346,0.209877
1,0.268765,0.230024,0.217918
1,0.276442,0.223558,0.211538
1,0.283951,0.232099,0.217284
1,0.241299,0.213457,0.201856
1,0.242353,0.216471,0.2
1,0.247002,0.223022,0.199041
1,0.2657,0.195652,0.190821
1,0.266979,0.201405,0.185012
1,0.276596,0.212766,0.196217
1,0.274314,0.219451,0.197007
1,0.276923,0.225641,0.223077
1,0.278947,0.239474,0.255263
1,0.275773,0.244845,0.275773
1,0.267352,0.251928,0.290488
1,0.257143,0.264935,0.316883
1,0.247978,0.264151,0.358491
1,0.21883,0.239186,0.323155
1,0.211302,0.226044,0.321867
1,0.246819,0.234097,0.302799
1,0.273196,0.229381,0.304124
1,0.318302,0.233422,0.307692
1,0.29471,0.219144,0.307305
1,0.289277,0.236908,0.32419
1,0.314136,0.251309,0.350785
1,0.272973,0.278378,0.359459
1,0.261905,0.277778,0.34127
1,0.255937,0.253298,0.308707
1,0.187032,0.234414,0.316708
1,0.221649,0.244845,0.353093
1,0.243968,0.289544,0.38874
1,0.25,0.273684,0.368421
1,0.28022,0.291209,0.357143
1,0.249337,0.281167,0.318302
1,0.320442,0.29558,0.30663
1,0.30226,0.30226,0.333333
1,0.321839,0.324713,0.359195
1,0.321739,0.33913,0.362319
1,0.265487,0.377581,0.383481
1,0.249231,0.418462,0.387692
1,0.295918,0.42517,0.421769
1,0.259615,0.38141,0.38141
1,0.227564,0.38141,0.416667
1,0.216981,0.371069,0.402516
1,0.208226,0.257069,0.303342
1,0.205063,0.258228,0.301266
1,0.236908,0.241895,0.281796
1,0.247475,0.25,0.275253
1,0.262087,0.244275,0.249364
1,0.285714,0.260989,0.302198
1,0.271739,0.274457,0.298913
1,0.266106,0.302521,0.336134
1,0.25,0.321429,0.32967
1,0.245283,0.312668,0.285714
1,0.263889,0.333333,0.3
1,0.261494,0.353448,0.318966
1,0.252809,0.379213,0.314607
1,0.254848,0.362881,0.33241
1,0.225464,0.350133,0.312997
1,0.252078,0.362881,0.315789
1,0.237838,0.335135,0.27027
1,0.237113,0.311856,0.265464
1,0.238961,0.311688,0.275325
1,0.293801,0.326146,0.277628
1,0.292553,0.327128,0.25266
1,0.319035,0.300268,0.260054
1,0.29096,0.347458,0.336158
1,0.267409,0.384401,0.35376
1,0.238482,0.373984,0.355014
1,0.31003,0.431611,0.407295
1,0.302181,0.433022,0.445483
1,0.250755,0.44713,0.392749
1,0.252396,0.421725,0.392971
1,0.247525,0.419142,0.382838
1,0.227586,0.406897,0.4
1,0.242105,0.354386,0.354386
1,0.233449,0.33101,0.324042
1,0.198052,0.292208,0.272727
1,0.219355,0.258065,0.251613
1,0.226837,0.217252,0.252396
1,0.208038,0.170213,0.193853
1,0.229839,0.16129,0.177419
1,0.243615,0.178782,0.202358
1,0.222025,0.198934,0.207815
1,0.226446,0.218182,0.218182
1,0.277027,0.25,0.25
1,0.217463,0.242175,0.29654
1,0.2261,0.256449,0.301973
1,0.253823,0.255352,0.325688
1,0.257732,0.278351,0.338733
1,0.233286,0.273115,0.341394
1,0.251076,0.27977,0.352941
1,0.246964,0.279352,0.321188
1,0.262467,0.270341,0.32021
1,0.251948,0.287013,0.333766
1,0.25672,0.334677,0.33871
1,0.263722,0.352075,0.344043
1,0.254282,0.378129,0.358366
1,0.243478,0.370186,0.36646
1,0.258065,0.372208,0.383375
1,0.279543,0.409149,0.420584
1,0.281529,0.444586,0.430573
1,0.296345,0.490862,0.476501
1,0.296296,0.489418,0.502646
1,0.289367,0.524899,0.502019
1,0.272487,0.507937,0.5
1,0.259259,0.517147,0.530864
1,0.265223,0.523681,0.514208
1,0.26703,0.521798,0.502725
1,0.231675,0.490838,0.481675
1,0.231481,0.503968,0.474868
1,0.224777,0.46871,0.464879
1,0.215385,0.470513,0.484615
1,0.206561,0.456865,0.436209
1,0.23185,0.421546,0.406323
1,0.264019,0.428738,0.411215
1,0.249412,0.428235,0.434118
1,0.224018,0.430716,0.445727
1,0.257246,0.448068,0.454106
1,0.263694,0.499363,0.492994
1,0.271077,0.527886,0.490272
1,0.247382,0.53534,0.503927
1,0.221542,0.481028,0.46634
1,0.225214,0.49082,0.457772
1,0.242839,0.515567,0.469489
1,0.281673,0.510455,0.485855
1,0.244228,0.511543,0.507898
1,0.246722,0.495828,0.498212
1,0.212996,0.517449,0.522262
1,0.245573,0.506494,0.511216
1,0.281955,0.56015,0.562657
1,0.270338,0.571965,0.579474
1,0.294118,0.583229,0.564456
1,0.295019,0.62069,0.570881
1,0.279393,0.624526,0.587863
1,0.26601,0.603448,0.567734
1,0.235006,0.613219,0.581395
1,0.224265,0.599265,0.561275
1,0.233291,0.620429,0.577554
1,0.24472,0.570186,0.554037
1,0.26788,0.589077,0.572172
1,0.233933,0.592545,0.568123
1,0.224691,0.577778,0.559259
1,0.22542,0.529976,0.553957
1,0.247874,0.545565,0.565006
1,0.234146,0.554878,0.570732
1,0.236585,0.531707,0.578049
1,0.232099,0.533333,0.591358
1,0.233831,0.533582,0.587065
1,0.24847,0.547124,0.561812
1,0.265625,0.571615,0.614583
1,0.25323,0.574935,0.631783
1,0.23622,0.576115,0.628609
1,0.237716,0.584329,0.638778
1,0.216981,0.59434,0.640162
1,0.260388,0.605263,0.648199
1,0.24933,0.5563,0.634048
1,0.250324,0.533074,0.60441
1,0.253558,0.521345,0.608021
1,0.253711,0.580297,0.650472
1,0.270345,0.593103,0.664828
1,0.217335,0.586028,0.598965
1,0.194581,0.549261,0.566502
1,0.215686,0.54902,0.557598
1,0.241772,0.582278,0.56962
1,0.251316,0.590789,0.584211
1,0.272962,0.556274,0.588616
1,0.306452,0.55914,0.586022
1,0.308527,0.688372,0.689922
1,0.3125,0.769643,0.7875
1,0.283702,0.867203,0.89336
1,0.243772,0.734875,0.775801
1,0.268102,0.778865,0.81409
1,0.318083,0.854031,0.884532
1,0.336364,0.863636,0.870455
1,0.23702,0.873589,0.837472
1,0.257143,0.892857,0.845238
1,0.253041,0.854015,0.805353
1,0.266304,0.913043,0.869565
1,0.18617,0.853723,0.81117
1,0.170799,0.84573,0.779614
1,0.245562,0.849112,0.795858
1,0.244118,0.8,0.761765
1,0.314024,0.804878,0.768293
1,0.354938,0.799383,0.722222
1,0.268571,0.737143,0.665714
1,0.357616,0.887417,0.754967
1,0.25,0.934932,0.791096
1,0.257525,0.846154,0.772575
1,0.229391,0.867384,0.831541
1,0.253521,0.852113,0.788732
1,0.208481,0.80212,0.780919
1,0.172757,0.724252,0.707641
1,0.206349,0.653968,0.657143
1,0.20915,0.663399,0.663399
1,0.270627,0.656766,0.676568
1,0.205521,0.616564,0.634969
1,0.245552,0.758007,0.72242
1,0.207018,0.722807,0.736842
1,0.227758,0.69395,0.72242
1,0.251773,0.677305,0.695035
1,0.246528,0.642361,0.666667
1,0.245552,0.647687,0.679715
1,0.214984,0.605863,0.615635
1,0.202091,0.623693,0.679443
1,0.246377,0.615942,0.706522
1,0.257463,0.675373,0.720149
1,0.229682,0.636042,0.696113
1,0.216949,0.569492,0.654237
1,0.196721,0.540984,0.609836
1,0.214724,0.460123,0.542945
1,0.28223,0.533101,0.61324
1,0.25,0.513333,0.573333
1,0.255172,0.548276,0.6
1,0.251613,0.509677,0.567742
1,0.240924,0.524752,0.564356
1,0.233108,0.496622,0.560811
1,0.263158,0.508772,0.57193
1,0.216949,0.511864,0.552542
1,0.218954,0.457516,0.51634
1,0.214925,0.40597,0.432836
1,0.223164,0.372881,0.423729
1,0.261398,0.416413,0.480243
1,0.27027,0.426426,0.477477
1,0.248538,0.421053,0.48538
1,0.267516,0.471338,0.519108
1,0.261017,0.549153,0.562712
1,0.267148,0.610108,0.588448
1,0.230769,0.58194,0.538462
1,0.282313,0.537415,0.513605
1,0.294521,0.558219,0.493151
1,0.299674,0.501629,0.47557
1,0.252336,0.510903,0.454829
1,0.25,0.5,0.464744
1,0.197531,0.469136,0.478395
1,0.230032,0.469649,0.517572
1,0.265101,0.463087,0.520134
1,0.262195,0.417683,0.478659
1,0.232432,0.348649,0.402703
1,0.251397,0.377095,0.427374
1,0.277937,0.395415,0.446991
1,0.298246,0.388889,0.421053
1,0.271003,0.357724,0.379404
1,0.241192,0.355014,0.409214
1,0.298817,0.378698,0.455621
1,0.239766,0.435673,0.444444
1,0.230114,0.414773,0.420455
1,0.218232,0.39779,0.39779
1,0.226158,0.405995,0.389646
1,0.233871,0.392473,0.36828
1,0.266667,0.392,0.368
1,0.25,0.390625,0.361979
1,0.280928,0.340206,0.345361
1,0.299742,0.320413,0.30491
1,0.28607,0.276119,0.293532
1,0.311688,0.306494,0.293506
1,0.279452,0.326027,0.350685
1,0.279452,0.331507,0.358904
1,0.263566,0.330749,0.330749
1,0.279891,0.350543,0.347826
1,0.227053,0.31401,0.326087
1,0.302083,0.354167,0.361979
1,0.31405,0.421488,0.38843
1,0.313559,0.460452,0.387006
1,0.303681,0.481595,0.466258
1,0.298701,0.50974,0.496753
1,0.322148,0.567114,0.520134
1,0.306667,0.57,0.496667
1,0.229885,0.474138,0.436782
1,0.290419,0.476048,0.437126
1,0.301829,0.493902,0.393293
1,0.284866,0.459941,0.362018
1,0.25788,0.467049,0.363897
1,0.224324,0.424324,0.389189
1,0.255072,0.469565,0.371014
1,0.213889,0.455556,0.336111
1,0.243697,0.442577,0.344538
1,0.23545,0.42328,0.359788
1,0.218329,0.439353,0.396226
1,0.21978,0.447802,0.392857
1,0.25,0.465909,0.392045
1,0.228723,0.401596,0.345745
1,0.26087,0.38587,0.331522
1,0.252078,0.365651,0.354571
1,0.2,0.353247,0.342857
1,0.211587,0.319899,0.324937
1,0.260163,0.346883,0.349593
1,0.273936,0.345745,0.337766
1,0.301136,0.366477,0.392045
1,0.288184,0.368876,0.423631
1,0.248062,0.330749,0.374677
1,0.25,0.370968,0.362903
1,0.277457,0.369942,0.401734
1,0.268362,0.375706,0.40113
1,0.263014,0.383562,0.408219
1,0.289552,0.414925,0.426866
1,0.262537,0.40413,0.421829
1,0.261456,0.350404,0.369272
1,0.237852,0.335038,0.358056
1,0.261333,0.338667,0.349333
1,0.300546,0.333333,0.357923
1,0.257895,0.344737,0.357895
1,0.283019,0.3531,0.363881
1,0.266667,0.346667,0.36
1,0.289544,0.337802,0.345845
1,0.30618,0.348315,0.353933
1,0.249322,0.357724,0.357724
1,0.214106,0.324937,0.350126
1,0.235897,0.317949,0.338462
1,0.204082,0.331633,0.34949
1,0.236908,0.321696,0.331671
1,0.239796,0.326531,0.339286
1,0.234257,0.309824,0.309824
1,0.236453,0.280788,0.305419
1,0.245742,0.282238,0.296837
1,0.250597,0.27685,0.286396
1,0.258741,0.251748,0.277389
1,0.24424,0.258065,0.271889
1,0.264286,0.257143,0.252381
1,0.236318,0.266169,0.258706
1,0.220513,0.258974,0.251282
1,0.236702,0.242021,0.244681
1,0.254098,0.254098,0.243169
1,0.287293,0.234807,0.265193
1,0.267905,0.230769,0.238727
1,0.253927,0.248691,0.264398
1,0.286119,0.269122,0.308782
1,0.283422,0.272727,0.283422
1,0.297222,0.319444,0.305556
1,0.289062,0.289062,0.294271
1,0.243781,0.293532,0.300995
1,0.228501,0.275184,0.314496
1,0.234146,0.234146,0.285366
1,0.279703,0.240099,0.264851
1,0.280098,0.243243,0.255528
1,0.321519,0.250633,0.265823
1,0.291358,0.266667,0.249383
1,0.286765,0.272059,0.230392
1,0.284337,0.250602,0.245783
1,0.279597,0.264484,0.251889
1,0.298667,0.253333,0.264
1,0.291105,0.247978,0.231806
1,0.296089,0.26257,0.240223
1,0.346269,0.295522,0.265672
1,0.291545,0.300292,0.233236
1,0.335366,0.295732,0.259146
1,0.303571,0.282738,0.27381
1,0.306748,0.306748,0.288344
1,0.322289,0.289157,0.277108
1,0.350877,0.280702,0.269006
1,0.303867,0.298343,0.259669
1,0.323204,0.292818,0.259669
1,0.318436,0.304469,0.26257
1,0.280323,0.28841,0.250674
1,0.259843,0.291339,0.254593
1,0.272494,0.29563,0.257069
1,0.266319,0.300261,0.279373
1,0.278772,0.265985,0.294118
1,0.310256,0.251282,0.279487
1,0.264631,0.267176,0.290076
1,0.293963,0.259843,0.304462
1,0.252525,0.272727,0.318182
1,0.262626,0.270202,0.310606
1,0.21256,0.256039,0.289855
1,0.251244,0.241294,0.303483
1,0.309711,0.244094,0.32021
1,0.318182,0.284091,0.34375
1,0.385093,0.31677,0.388199
1,0.361194,0.301493,0.370149
1,0.333333,0.295322,0.336257
1,0.269022,0.263587,0.296196
1,0.236979,0.260417,0.294271
1,0.236318,0.243781,0.281095
1,0.241558,0.246753,0.324675
1,0.237598,0.24282,0.318538
1,0.268617,0.265957,0.305851
1,0.212766,0.289894,0.329787
1,0.208877,0.287206,0.318538
1,0.212987,0.298701,0.306494
1,0.254593,0.312336,0.299213
1,0.206897,0.293103,0.305419
1,0.21327,0.293839,0.274882
1,0.238095,0.288221,0.285714
1,0.283422,0.299465,0.286096
1,0.254054,0.345946,0.272973
1,0.252688,0.354839,0.258065
1,0.27027,0.340541,0.27027
1,0.301724,0.385057,0.310345
1,0.294118,0.388235,0.344118
1,0.277286,0.389381,0.383481
1,0.225,0.394444,0.35
1,0.235955,0.398876,0.351124
1,0.225464,0.403183,0.312997
1,0.205446,0.371287,0.277228
1,0.236908,0.351621,0.259352
1,0.216152,0.315914,0.268409
1,0.221429,0.307143,0.271429
1,0.307065,0.345109,0.296196
1,0.287154,0.322418,0.289673
1,0.285,0.32,0.2775
1,0.290404,0.315657,0.275253
1,0.340206,0.31701,0.298969
1,0.325269,0.341398,0.314516
1,0.341398,0.311828,0.314516
1,0.340782,0.332402,0.307263
1,0.319444,0.302778,0.322222
1,0.28841,0.312668,0.285714
1,0.320442,0.334254,0.325967
1,0.331343,0.39403,0.38209
1,0.275148,0.39645,0.420118
1,0.253823,0.41896,0.452599
1,0.280347,0.424855,0.419075
1,0.251445,0.430636,0.439306
1,0.197222,0.411111,0.419444
1,0.182561,0.370572,0.386921
1,0.202703,0.348649,0.375676
1,0.268293,0.322493,0.349593
1,0.248619,0.339779,0.359116
1,0.265896,0.361272,0.404624
1,0.293939,0.375758,0.448485
1,0.242775,0.372832,0.456647
1,0.213873,0.372832,0.488439
1,0.220544,0.371601,0.519637
1,0.226586,0.365559,0.489426
1,0.219373,0.333333,0.441595
1,0.280112,0.285714,0.42577
1,0.268617,0.281915,0.367021
1,0.235897,0.284615,0.358974
1,0.2225,0.3025,0.3525
1,0.23822,0.327225,0.376963
1,0.27762,0.368272,0.405099
1,0.297376,0.396501,0.419825
1,0.257453,0.382114,0.379404
1,0.271277,0.380319,0.356383
1,0.27013,0.358442,0.34026
1,0.256997,0.381679,0.335878
1,0.265957,0.409574,0.359043
1,0.262376,0.376238,0.336634
1,0.233735,0.363855,0.339759
1,0.271574,0.350254,0.337563
1,0.238342,0.370466,0.318653
1,0.241546,0.359903,0.311594
1,0.191837,0.302041,0.285714
1,0.178058,0.293165,0.271583
1,0.212389,0.325664,0.283186
1,0.241121,0.342056,0.304673
1,0.230903,0.305556,0.289931
1,0.239095,0.282714,0.294023
1,0.22039,0.274363,0.263868
1,0.254335,0.273121,0.258671
1,0.247222,0.290278,0.266667
1,0.254692,0.296247,0.260054
1,0.277174,0.305707,0.28125
1,0.263926,0.306366,0.291777
1,0.257812,0.33724,0.289062
1,0.253333,0.366667,0.321333
1,0.292072,0.40612,0.35605
1,0.269841,0.445887,0.40404
1,0.245228,0.478708,0.424376
1,0.194823,0.453678,0.416894
1,0.224,0.430667,0.421333
1,0.206452,0.423226,0.430968
1,0.237221,0.428571,0.412844
1,0.225124,0.415423,0.379353
1,0.249333,0.444,0.416
1,0.234395,0.410191,0.414013
1,0.25,0.400754,0.407035
1,0.296854,0.450068,0.459644
1,0.264706,0.442513,0.433155
1,0.24472,0.397516,0.387578
1,0.248184,0.391041,0.375303
1,0.237754,0.390681,0.376344
1,0.236623,0.37931,0.388823
1,0.25969,0.421189,0.431525
1,0.248744,0.420854,0.433417
1,0.24586,0.428025,0.442038
1,0.267766,0.420051,0.440355
1,0.232667,0.380729,0.40423
1,0.244256,0.401451,0.413543
1,0.230496,0.392435,0.406619
1,0.262967,0.399276,0.416164
1,0.302956,0.406404,0.449507
1,0.299279,0.385817,0.439904
1,0.288278,0.409091,0.440191
1,0.28125,0.42375,0.475
1,0.254109,0.441214,0.51201
1,0.23601,0.444039,0.497567
1,0.269029,0.485564,0.56168
1,0.246094,0.47526,0.553385
1,0.252949,0.503277,0.549148
1,0.274278,0.520997,0.540682
1,0.264201,0.546896,0.546896
1,0.247368,0.543421,0.567105
1,0.237265,0.546917,0.571046
1,0.192683,0.485366,0.507317
1,0.222749,0.447867,0.473934
1,0.236032,0.429875,0.449259
1,0.222348,0.426637,0.46614
1,0.217491,0.448792,0.481013
1,0.253012,0.474699,0.537349
1,0.248193,0.489157,0.531325
1,0.27027,0.470516,0.515971
1,0.294574,0.5,0.555556
1,0.292746,0.514249,0.563472
1,0.269437,0.58311,0.605898
1,0.280946,0.589708,0.62726
1,0.299708,0.635965,0.669591
1,0.280677,0.589563,0.636107
1,0.246073,0.534031,0.582461
1,0.244125,0.535248,0.58094
1,0.241047,0.578512,0.618457
1,0.247297,0.554054,0.618919
1,0.261044,0.539491,0.614458
1,0.278779,0.575589,0.626907
1,0.242021,0.557181,0.614362
1,0.227684,0.547219,0.605433
1,0.231061,0.535354,0.588384
1,0.257389,0.539409,0.575123
1,0.225434,0.537572,0.549133
1,0.256318,0.561974,0.582431
1,0.243932,0.586165,0.589806
1,0.241677,0.598027,0.609125
1,0.281566,0.587121,0.619949
1,0.262255,0.540441,0.60049
1,0.239264,0.544785,0.597546
1,0.217553,0.533993,0.595797
1,0.223289,0.496999,0.560624
1,0.258896,0.505521,0.593865
1,0.255611,0.509975,0.617207
1,0.240719,0.505389,0.550898
1,0.261845,0.547382,0.571072
1,0.257143,0.567532,0.609091
1,0.242898,0.630682,0.659091
1,0.24375,0.684375,0.728125
1,0.253886,0.744387,0.782383
1,0.249097,0.794224,0.810469
1,0.270751,0.835968,0.84585
1,0.262327,0.790927,0.814596
1,0.258065,0.836559,0.875269
1,0.255914,0.812903,0.855914
1,0.275534,0.88361,0.912114
1,0.269231,0.875,0.913462
1,0.276316,0.926316,0.984211
1,0.315789,0.933518,0.99446
1,0.243017,0.907821,0.946927
1,0.288344,0.911043,0.969325
1,0.27451,0.928105,1.01634
1,0.237537,0.809384,0.897361
1,0.272152,0.841772,0.917722
1,0.278146,0.794702,0.927152
1,0.233108,0.780405,0.885135
1,0.294574,0.883721,0.957364
1,0.27907,0.868217,0.937984
1,0.276923,0.834615,0.915385
1,0.276817,0.723183,0.778547
1,0.288194,0.694444,0.739583
1,0.217391,0.655518,0.722408
1,0.171429,0.531429,0.58
1,0.236311,0.544669,0.573487
1,0.230539,0.55988,0.571856
1,0.223602,0.565217,0.618012
1,0.197015,0.567164,0.558209
1,0.228487,0.566766,0.545994
1,0.259375,0.6125,0.6
1,0.271642,0.591045,0.552239
1,0.218069,0.632399,0.58567
1,0.226351,0.706081,0.64527
1,0.239865,0.685811,0.625
1,0.224422,0.679868,0.613861
1,0.276667,0.69,0.596667
1,0.266667,0.647619,0.552381
1,0.276094,0.707071,0.643098
1,0.236422,0.667732,0.610224
1,0.221477,0.731544,0.634228
1,0.249123,0.722807,0.62807
1,0.224138,0.655172,0.624138
1,0.267658,0.713755,0.69145
1,0.294118,0.724265,0.650735
1,0.255906,0.755906,0.720472
1,0.303279,0.82377,0.741803
1,0.284585,0.826087,0.687747
1,0.216495,0.697595,0.591065
1,0.195876,0.707904,0.573883
1,0.222591,0.631229,0.538206
1,0.235088,0.670175,0.561404
1,0.224199,0.637011,0.565836
1,0.223333,0.546667,0.526667
1,0.265734,0.56993,0.548951
1,0.27551,0.517007,0.544218
1,0.294915,0.549153,0.545763
1,0.229814,0.521739,0.503106
1,0.237342,0.515823,0.481013
1,0.293286,0.568905,0.533569
1,0.303704,0.592593,0.52963
1,0.25448,0.537634,0.551971
1,0.248201,0.546763,0.543165
1,0.239865,0.5,0.516892
1,0.277228,0.511551,0.49835
1,0.29434,0.581132,0.607547
1,0.275304,0.65587,0.651822
1,0.316872,0.625514,0.592593
1,0.244094,0.582677,0.586614
1,0.233463,0.587549,0.587549
1,0.262295,0.627049,0.594262
1,0.196364,0.574545,0.505455
1,0.202055,0.537671,0.472603
1,0.212698,0.447619,0.422222
1,0.212698,0.431746,0.450794
1,0.236527,0.401198,0.437126
1,0.230769,0.378917,0.42735
1,0.234043,0.452888,0.477204
1,0.284404,0.486239,0.48318
1,0.267477,0.480243,0.49848
1,0.202381,0.473214,0.491071
1,0.22314,0.391185,0.410468
1,0.225201,0.364611,0.383378
1,0.27248,0.373297,0.365123
1,0.234043,0.37766,0.382979
1,0.216285,0.363868,0.368957
1,0.228346,0.375328,0.396325
1,0.269841,0.365079,0.407407
1,0.261364,0.423295,0.434659
1,0.200557,0.43454,0.442897
1,0.195467,0.433428,0.419263
1,0.253086,0.490741,0.472222
1,0.233533,0.458084,0.473054
1,0.204082,0.466472,0.440233
1,0.227273,0.478788,0.454545
1,0.209524,0.492063,0.460317
1,0.2443,0.501629,0.469055
1,0.254717,0.477987,0.415094
1,0.219941,0.434018,0.381232
1,0.237237,0.432432,0.384384
1,0.212885,0.386555,0.386555
1,0.215426,0.348404,0.367021
1,0.216495,0.345361,0.35567
1,0.216667,0.321429,0.309524
1,0.275482,0.347107,0.358127
1,0.245431,0.334204,0.370757
1,0.265928,0.34903,0.437673
1,0.287009,0.41994,0.495468
1,0.290735,0.466454,0.536741
1,0.292605,0.501608,0.508039
1,0.330935,0.561151,0.571942
1,0.293333,0.463333,0.53
1,0.250794,0.428571,0.466667
1,0.277778,0.382716,0.410494
1,0.272171,0.382263,0.388379
1,0.284884,0.34593,0.375
1,0.229917,0.32687,0.371191
1,0.285714,0.378882,0.437888
1,0.270769,0.36,0.452308
1,0.333333,0.379085,0.470588
1,0.278317,0.365696,0.449838
1,0.236246,0.38835,0.423948
1,0.224359,0.387821,0.423077
1,0.207101,0.328402,0.363905
1,0.229412,0.297059,0.358824
1,0.243243,0.288288,0.363363
1,0.263768,0.269565,0.333333
1,0.294985,0.277286,0.362832
1,0.251412,0.282486,0.381356
1,0.233918,0.324561,0.385965
1,0.274924,0.347432,0.39577
1,0.236467,0.339031,0.367521
1,0.254593,0.278215,0.314961
1,0.288265,0.260204,0.285714
1,0.318066,0.272265,0.26972
1,0.320312,0.270833,0.299479
1,0.274611,0.310881,0.331606
1,0.280612,0.290816,0.306122
1,0.288945,0.281407,0.29397
1,0.28934,0.279188,0.30203
1,0.31407,0.28392,0.281407
1,0.31701,0.283505,0.293814
1,0.297229,0.277078,0.284635
1,0.299252,0.281796,0.289277
1,0.319899,0.27204,0.264484
1,0.353403,0.293194,0.264398
1,0.345946,0.318919,0.302703
1,0.352304,0.295393,0.303523
1,0.313364,0.248848,0.246544
1,0.304251,0.252796,0.237136
1,0.311927,0.279817,0.240826
1,0.327791,0.292162,0.258907
1,0.326034,0.306569,0.279805
1,0.33,0.2975,0.285
1,0.297297,0.285012,0.27027
1,0.325815,0.288221,0.250627
1,0.343915,0.291005,0.251323
